data,loja,temp_min_c,temp_max_c,temp_media_c,feriado,feriado_nome,feriado_tipo,evento,evento_nome,evento_tipo,evento_local
2024-08-13,Shopping Metro Santa Cruz,5.9,13.7,9.3,0,,,0,,,
2024-08-14,Shopping Metro Santa Cruz,6.2,20.8,12.0,0,,,0,,,
2024-08-15,Shopping Metro Santa Cruz,9.0,27.0,16.3,0,,,0,,,
2024-08-16,Shopping Metro Santa Cruz,10.2,28.5,19.0,0,,,0,,,
2024-08-17,Shopping Metro Santa Cruz,12.5,29.3,20.1,0,,,0,,,
2024-08-18,Shopping Metro Santa Cruz,11.7,29.6,20.4,0,,,0,,,
2024-08-19,Shopping Metro Santa Cruz,10.9,29.7,20.2,0,,,0,,,
2024-08-20,Shopping Metro Santa Cruz,13.0,29.0,18.9,0,,,0,,,
2024-08-21,Shopping Metro Santa Cruz,14.6,27.9,19.2,0,,,0,,,
2024-08-22,Shopping Metro Santa Cruz,12.5,30.5,21.1,0,,,0,,,
2024-08-23,Shopping Metro Santa Cruz,14.5,31.9,23.2,0,,,0,,,
2024-08-24,Shopping Metro Santa Cruz,14.7,22.4,16.9,0,,,0,,,
2024-08-25,Shopping Metro Santa Cruz,9.3,14.2,12.2,0,,,0,,,
2024-08-26,Shopping Metro Santa Cruz,4.6,15.1,10.0,0,,,0,,,
2024-08-27,Shopping Metro Santa Cruz,2.8,17.7,9.1,0,,,0,,,
2024-08-28,Shopping Metro Santa Cruz,6.6,19.9,12.2,0,,,0,,,
2024-08-29,Shopping Metro Santa Cruz,11.1,25.7,16.5,0,,,0,,,
2024-08-30,Shopping Metro Santa Cruz,10.5,27.3,18.2,0,,,0,,,
2024-08-31,Shopping Metro Santa Cruz,10.4,27.5,18.0,0,,,0,,,
2024-09-01,Shopping Metro Santa Cruz,12.0,30.7,20.9,0,,,0,,,
2024-09-02,Shopping Metro Santa Cruz,13.8,27.9,18.8,0,,,0,,,
2024-09-03,Shopping Metro Santa Cruz,13.9,31.0,20.4,0,,,0,,,
2024-09-04,Shopping Metro Santa Cruz,14.8,31.4,22.4,0,,,0,,,
2024-09-05,Shopping Metro Santa Cruz,15.4,24.9,19.4,0,,,0,,,
2024-09-06,Shopping Metro Santa Cruz,15.2,22.8,17.6,0,,,0,,,
2024-09-07,Shopping Metro Santa Cruz,15.9,32.3,22.9,1,Independência do Brasil,nacional,0,,,
2024-09-08,Shopping Metro Santa Cruz,14.9,32.4,24.0,0,,,0,,,
2024-09-09,Shopping Metro Santa Cruz,15.3,32.7,23.6,0,,,0,,,
2024-09-10,Shopping Metro Santa Cruz,13.7,32.4,23.6,0,,,0,,,
2024-09-11,Shopping Metro Santa Cruz,17.2,32.6,25.0,0,,,0,,,
2024-09-12,Shopping Metro Santa Cruz,18.7,32.8,25.6,0,,,0,,,
2024-09-13,Shopping Metro Santa Cruz,16.4,33.6,25.3,0,,,0,,,
2024-09-14,Shopping Metro Santa Cruz,19.6,33.2,24.3,0,,,0,,,
2024-09-15,Shopping Metro Santa Cruz,17.1,21.1,18.4,0,,,0,,,
2024-09-16,Shopping Metro Santa Cruz,14.4,18.0,16.5,0,,,0,,,
2024-09-17,Shopping Metro Santa Cruz,13.2,19.1,15.5,0,,,0,,,
2024-09-18,Shopping Metro Santa Cruz,13.7,21.8,16.5,0,,,0,,,
2024-09-19,Shopping Metro Santa Cruz,14.3,26.9,18.9,0,,,0,,,
2024-09-20,Shopping Metro Santa Cruz,14.8,32.6,22.5,0,,,0,,,
2024-09-21,Shopping Metro Santa Cruz,16.4,27.6,20.8,0,,,0,,,
2024-09-22,Shopping Metro Santa Cruz,15.7,30.7,21.7,0,,,0,,,
2024-09-23,Shopping Metro Santa Cruz,14.7,32.0,22.4,0,,,0,,,
2024-09-24,Shopping Metro Santa Cruz,15.4,32.7,22.1,0,,,0,,,
2024-09-25,Shopping Metro Santa Cruz,16.7,34.7,25.0,0,,,0,,,
2024-09-26,Shopping Metro Santa Cruz,17.9,35.6,26.7,0,,,0,,,
2024-09-27,Shopping Metro Santa Cruz,16.0,27.6,20.5,0,,,0,,,
2024-09-28,Shopping Metro Santa Cruz,14.8,22.9,17.8,0,,,0,,,
2024-09-29,Shopping Metro Santa Cruz,15.4,28.0,19.4,0,,,0,,,
2024-09-30,Shopping Metro Santa Cruz,15.1,32.0,21.6,0,,,0,,,
2024-10-01,Shopping Metro Santa Cruz,16.6,34.3,25.9,0,,,0,,,
2024-10-02,Shopping Metro Santa Cruz,18.8,36.2,25.6,0,,,0,,,
2024-10-03,Shopping Metro Santa Cruz,15.3,22.1,18.9,0,,,0,,,
2024-10-04,Shopping Metro Santa Cruz,14.5,18.8,15.9,0,,,0,,,
2024-10-05,Shopping Metro Santa Cruz,14.3,23.0,17.4,0,,,0,,,
2024-10-06,Shopping Metro Santa Cruz,13.7,25.2,17.7,0,,,0,,,
2024-10-07,Shopping Metro Santa Cruz,13.4,26.1,18.0,0,,,0,,,
2024-10-08,Shopping Metro Santa Cruz,13.4,34.3,20.0,0,,,0,,,
2024-10-09,Shopping Metro Santa Cruz,13.7,23.3,18.2,0,,,0,,,
2024-10-10,Shopping Metro Santa Cruz,16.7,27.5,20.0,0,,,0,,,
2024-10-11,Shopping Metro Santa Cruz,18.8,28.1,22.1,0,,,0,,,
2024-10-12,Shopping Metro Santa Cruz,16.4,27.0,21.3,1,Nossa Senhora Aparecida,nacional,0,,,
2024-10-13,Shopping Metro Santa Cruz,16.2,25.3,19.0,0,,,0,,,
2024-10-14,Shopping Metro Santa Cruz,15.5,24.4,18.5,0,,,0,,,
2024-10-15,Shopping Metro Santa Cruz,14.6,27.4,19.7,0,,,0,,,
2024-10-16,Shopping Metro Santa Cruz,14.8,28.0,21.1,0,,,0,,,
2024-10-17,Shopping Metro Santa Cruz,16.2,29.7,20.7,0,,,0,,,
2024-10-18,Shopping Metro Santa Cruz,15.0,28.0,19.7,0,,,0,,,
2024-10-19,Shopping Metro Santa Cruz,14.2,19.3,17.3,0,,,0,,,
2024-10-20,Shopping Metro Santa Cruz,14.2,20.3,16.8,0,,,0,,,
2024-10-21,Shopping Metro Santa Cruz,16.9,25.9,20.6,0,,,0,,,
2024-10-22,Shopping Metro Santa Cruz,17.1,29.2,22.7,0,,,0,,,
2024-10-23,Shopping Metro Santa Cruz,19.2,27.3,22.5,0,,,0,,,
2024-10-24,Shopping Metro Santa Cruz,20.3,28.2,23.6,0,,,0,,,
2024-10-25,Shopping Metro Santa Cruz,20.6,26.2,22.9,0,,,0,,,
2024-10-26,Shopping Metro Santa Cruz,17.7,28.6,22.1,0,,,0,,,
2024-10-27,Shopping Metro Santa Cruz,16.1,19.2,17.4,0,,,0,,,
2024-10-28,Shopping Metro Santa Cruz,15.0,22.0,18.3,0,,,0,,,
2024-10-29,Shopping Metro Santa Cruz,15.9,23.4,18.9,0,,,0,,,
2024-10-30,Shopping Metro Santa Cruz,15.6,24.7,19.3,0,,,0,,,
2024-10-31,Shopping Metro Santa Cruz,13.9,24.7,18.5,0,,,0,,,
2024-11-01,Shopping Metro Santa Cruz,14.7,27.7,19.8,0,,,0,,,
2024-11-02,Shopping Metro Santa Cruz,17.5,29.1,21.4,1,Finados,nacional,0,,,
2024-11-03,Shopping Metro Santa Cruz,19.1,22.1,20.1,0,,,0,,,
2024-11-04,Shopping Metro Santa Cruz,18.7,23.8,20.8,0,,,0,,,
2024-11-05,Shopping Metro Santa Cruz,18.3,26.0,21.3,0,,,0,,,
2024-11-06,Shopping Metro Santa Cruz,19.2,25.9,21.8,0,,,0,,,
2024-11-07,Shopping Metro Santa Cruz,19.1,23.7,20.8,0,,,0,,,
2024-11-08,Shopping Metro Santa Cruz,17.7,22.4,20.0,0,,,0,,,
2024-11-09,Shopping Metro Santa Cruz,15.4,21.0,18.3,0,,,0,,,
2024-11-10,Shopping Metro Santa Cruz,13.1,22.3,17.1,0,,,0,,,
2024-11-11,Shopping Metro Santa Cruz,13.0,27.2,20.0,0,,,0,,,
2024-11-12,Shopping Metro Santa Cruz,15.1,30.4,21.5,0,,,0,,,
2024-11-13,Shopping Metro Santa Cruz,15.4,20.5,17.6,0,,,0,,,
2024-11-14,Shopping Metro Santa Cruz,14.5,21.3,17.8,0,,,0,,,
2024-11-15,Shopping Metro Santa Cruz,16.4,26.5,20.3,1,Proclamação da República,nacional,0,,,
2024-11-16,Shopping Metro Santa Cruz,18.6,24.1,20.9,0,,,0,,,
2024-11-17,Shopping Metro Santa Cruz,17.3,26.1,21.1,0,,,0,,,
2024-11-18,Shopping Metro Santa Cruz,16.9,29.4,23.1,0,,,0,,,
2024-11-19,Shopping Metro Santa Cruz,18.1,30.1,23.1,0,,,0,,,
2024-11-20,Shopping Metro Santa Cruz,17.9,31.6,24.0,1,Dia da Consciência Negra,nacional,0,,,
2024-11-21,Shopping Metro Santa Cruz,19.1,26.5,21.9,0,,,0,,,
2024-11-22,Shopping Metro Santa Cruz,18.8,23.2,20.7,0,,,0,,,
2024-11-23,Shopping Metro Santa Cruz,17.4,23.6,19.9,0,,,0,,,
2024-11-24,Shopping Metro Santa Cruz,15.4,24.1,19.0,0,,,0,,,
2024-11-25,Shopping Metro Santa Cruz,15.3,29.4,21.6,0,,,0,,,
2024-11-26,Shopping Metro Santa Cruz,18.7,31.7,26.0,0,,,0,,,
2024-11-27,Shopping Metro Santa Cruz,22.7,33.5,28.8,0,,,0,,,
2024-11-28,Shopping Metro Santa Cruz,22.9,34.3,27.7,0,,,0,,,
2024-11-29,Shopping Metro Santa Cruz,20.8,26.9,23.6,0,,,0,,,
2024-11-30,Shopping Metro Santa Cruz,20.2,28.2,23.1,0,,,0,,,
2024-12-01,Shopping Metro Santa Cruz,19.5,30.1,23.5,0,,,0,,,
2024-12-02,Shopping Metro Santa Cruz,21.5,30.3,24.8,0,,,0,,,
2024-12-03,Shopping Metro Santa Cruz,19.8,25.0,21.7,0,,,0,,,
2024-12-04,Shopping Metro Santa Cruz,17.7,20.8,18.9,0,,,0,,,
2024-12-05,Shopping Metro Santa Cruz,17.2,27.6,21.4,0,,,0,,,
2024-12-06,Shopping Metro Santa Cruz,20.0,30.0,24.9,0,,,0,,,
2024-12-07,Shopping Metro Santa Cruz,21.7,31.2,26.2,0,,,0,,,
2024-12-08,Shopping Metro Santa Cruz,21.2,27.7,23.4,0,,,0,,,
2024-12-09,Shopping Metro Santa Cruz,20.8,27.2,23.3,0,,,0,,,
2024-12-10,Shopping Metro Santa Cruz,17.9,27.1,22.0,0,,,0,,,
2024-12-11,Shopping Metro Santa Cruz,16.8,23.4,19.5,0,,,0,,,
2024-12-12,Shopping Metro Santa Cruz,16.0,25.6,20.0,0,,,0,,,
2024-12-13,Shopping Metro Santa Cruz,17.3,26.7,21.6,0,,,0,,,
2024-12-14,Shopping Metro Santa Cruz,19.6,24.8,21.8,0,,,0,,,
2024-12-15,Shopping Metro Santa Cruz,19.3,26.9,22.3,0,,,0,,,
2024-12-16,Shopping Metro Santa Cruz,19.3,28.2,23.3,0,,,0,,,
2024-12-17,Shopping Metro Santa Cruz,18.1,28.7,22.0,0,,,0,,,
2024-12-18,Shopping Metro Santa Cruz,17.2,28.3,21.8,0,,,0,,,
2024-12-19,Shopping Metro Santa Cruz,18.0,32.1,24.8,0,,,0,,,
2024-12-20,Shopping Metro Santa Cruz,21.4,31.4,24.9,0,,,0,,,
2024-12-21,Shopping Metro Santa Cruz,19.4,28.2,22.8,0,,,0,,,
2024-12-22,Shopping Metro Santa Cruz,19.1,26.2,22.0,0,,,0,,,
2024-12-23,Shopping Metro Santa Cruz,19.0,24.3,21.0,0,,,0,,,
2024-12-24,Shopping Metro Santa Cruz,17.4,25.5,21.0,0,,,0,,,
2024-12-25,Shopping Metro Santa Cruz,18.6,29.4,23.4,1,Natal,nacional,0,,,
2024-12-26,Shopping Metro Santa Cruz,20.3,24.5,21.4,0,,,0,,,
2024-12-27,Shopping Metro Santa Cruz,20.0,25.3,21.8,0,,,0,,,
2024-12-28,Shopping Metro Santa Cruz,19.7,27.9,22.6,0,,,0,,,
2024-12-29,Shopping Metro Santa Cruz,19.6,27.8,22.0,0,,,0,,,
2024-12-30,Shopping Metro Santa Cruz,19.0,26.2,21.3,0,,,0,,,
2024-12-31,Shopping Metro Santa Cruz,18.2,27.4,22.0,0,,,0,,,
2025-01-01,Shopping Metro Santa Cruz,18.5,28.4,22.5,1,Confraternização Universal,nacional,0,,,
2025-01-02,Shopping Metro Santa Cruz,19.4,28.8,23.8,0,,,0,,,
2025-01-03,Shopping Metro Santa Cruz,19.9,27.8,22.9,0,,,0,,,
2025-01-04,Shopping Metro Santa Cruz,18.7,27.3,22.8,0,,,0,,,
2025-01-05,Shopping Metro Santa Cruz,17.6,29.6,22.6,0,,,0,,,
2025-01-06,Shopping Metro Santa Cruz,19.0,30.5,23.2,0,,,0,,,
2025-01-07,Shopping Metro Santa Cruz,19.6,28.8,22.0,0,,,0,,,
2025-01-08,Shopping Metro Santa Cruz,18.8,26.7,21.2,0,,,0,,,
2025-01-09,Shopping Metro Santa Cruz,18.2,24.4,20.4,0,,,0,,,
2025-01-10,Shopping Metro Santa Cruz,17.2,25.9,20.5,0,,,0,,,
2025-01-11,Shopping Metro Santa Cruz,16.4,28.3,21.0,0,,,0,,,
2025-01-12,Shopping Metro Santa Cruz,17.7,24.8,20.4,0,,,0,,,
2025-01-13,Shopping Metro Santa Cruz,16.5,24.7,19.9,0,,,0,,,
2025-01-14,Shopping Metro Santa Cruz,16.1,24.1,19.9,0,,,0,,,
2025-01-15,Shopping Metro Santa Cruz,17.9,28.4,22.2,0,,,0,,,
2025-01-16,Shopping Metro Santa Cruz,19.9,29.1,23.3,0,,,0,,,
2025-01-17,Shopping Metro Santa Cruz,20.8,27.2,23.5,0,,,0,,,
2025-01-18,Shopping Metro Santa Cruz,20.4,29.7,25.4,0,,,0,,,
2025-01-19,Shopping Metro Santa Cruz,21.3,30.8,26.0,0,,,0,,,
2025-01-20,Shopping Metro Santa Cruz,21.8,30.8,26.3,0,,,0,,,
2025-01-21,Shopping Metro Santa Cruz,23.2,32.4,27.8,0,,,0,,,
2025-01-22,Shopping Metro Santa Cruz,22.1,33.9,26.9,0,,,0,,,
2025-01-23,Shopping Metro Santa Cruz,22.1,30.8,24.4,0,,,0,,,
2025-01-24,Shopping Metro Santa Cruz,21.2,29.9,24.0,0,,,0,,,
2025-01-25,Shopping Metro Santa Cruz,20.2,30.2,24.4,1,Aniversário da cidade de São Paulo,local,0,,,
2025-01-26,Shopping Metro Santa Cruz,20.9,30.2,23.1,0,,,0,,,
2025-01-27,Shopping Metro Santa Cruz,19.3,26.1,22.2,0,,,0,,,
2025-01-28,Shopping Metro Santa Cruz,19.7,26.3,22.2,0,,,0,,,
2025-01-29,Shopping Metro Santa Cruz,20.8,26.4,22.5,0,,,0,,,
2025-01-30,Shopping Metro Santa Cruz,20.3,26.1,21.9,0,,,0,,,
2025-01-31,Shopping Metro Santa Cruz,19.8,25.2,21.6,0,,,0,,,
2025-02-01,Shopping Metro Santa Cruz,19.9,24.6,21.4,0,,,0,,,
2025-02-02,Shopping Metro Santa Cruz,19.4,26.7,22.2,0,,,0,,,
2025-02-03,Shopping Metro Santa Cruz,20.9,26.1,22.7,0,,,0,,,
2025-02-04,Shopping Metro Santa Cruz,20.5,28.3,23.6,0,,,0,,,
2025-02-05,Shopping Metro Santa Cruz,20.1,28.8,23.9,0,,,0,,,
2025-02-06,Shopping Metro Santa Cruz,20.1,29.4,25.0,0,,,0,,,
2025-02-07,Shopping Metro Santa Cruz,20.4,30.9,24.6,0,,,0,,,
2025-02-08,Shopping Metro Santa Cruz,20.9,28.9,23.5,0,,,0,,,
2025-02-09,Shopping Metro Santa Cruz,19.7,31.0,24.0,0,,,0,,,
2025-02-10,Shopping Metro Santa Cruz,19.7,30.5,24.8,0,,,0,,,
2025-02-11,Shopping Metro Santa Cruz,20.7,32.5,26.4,0,,,0,,,
2025-02-12,Shopping Metro Santa Cruz,22.1,32.8,27.6,0,,,0,,,
2025-02-13,Shopping Metro Santa Cruz,20.5,31.7,25.1,0,,,0,,,
2025-02-14,Shopping Metro Santa Cruz,21.0,29.9,23.8,0,,,0,,,
2025-02-15,Shopping Metro Santa Cruz,20.1,29.5,24.4,0,,,0,,,
2025-02-16,Shopping Metro Santa Cruz,21.8,33.4,27.9,0,,,0,,,
2025-02-17,Shopping Metro Santa Cruz,23.4,34.8,29.6,0,,,0,,,
2025-02-18,Shopping Metro Santa Cruz,21.9,33.1,26.4,0,,,0,,,
2025-02-19,Shopping Metro Santa Cruz,21.0,30.8,25.0,0,,,0,,,
2025-02-20,Shopping Metro Santa Cruz,20.7,31.2,25.2,0,,,0,,,
2025-02-21,Shopping Metro Santa Cruz,22.1,30.2,24.6,0,,,0,,,
2025-02-22,Shopping Metro Santa Cruz,21.1,28.4,23.7,0,,,0,,,
2025-02-23,Shopping Metro Santa Cruz,20.6,28.5,23.6,0,,,0,,,
2025-02-24,Shopping Metro Santa Cruz,20.4,30.5,24.7,0,,,0,,,
2025-02-25,Shopping Metro Santa Cruz,20.6,32.2,25.5,0,,,0,,,
2025-02-26,Shopping Metro Santa Cruz,21.0,33.1,26.0,0,,,0,,,
2025-02-27,Shopping Metro Santa Cruz,21.2,33.4,26.1,0,,,0,,,
2025-02-28,Shopping Metro Santa Cruz,20.7,31.4,25.2,0,,,0,,,
2025-03-01,Shopping Metro Santa Cruz,21.0,32.6,25.5,0,,,0,,,
2025-03-02,Shopping Metro Santa Cruz,21.7,34.6,26.2,0,,,0,,,
2025-03-03,Shopping Metro Santa Cruz,20.6,33.1,25.2,1,Carnaval (segunda-feira),nacional,0,,,
2025-03-04,Shopping Metro Santa Cruz,20.6,32.3,25.6,1,Carnaval (terça-feira),nacional,0,,,
2025-03-05,Shopping Metro Santa Cruz,20.5,30.3,24.5,0,,,0,,,
2025-03-06,Shopping Metro Santa Cruz,19.9,30.8,23.8,0,,,0,,,
2025-03-07,Shopping Metro Santa Cruz,19.6,31.9,24.0,0,,,0,,,
2025-03-08,Shopping Metro Santa Cruz,19.7,32.6,24.4,0,,,0,,,
2025-03-09,Shopping Metro Santa Cruz,20.0,33.6,25.9,0,,,0,,,
2025-03-10,Shopping Metro Santa Cruz,20.1,30.7,23.2,0,,,0,,,
2025-03-11,Shopping Metro Santa Cruz,20.6,30.3,23.2,0,,,0,,,
2025-03-12,Shopping Metro Santa Cruz,20.1,29.4,23.6,0,,,0,,,
2025-03-13,Shopping Metro Santa Cruz,20.3,29.0,23.1,0,,,0,,,
2025-03-14,Shopping Metro Santa Cruz,19.4,27.1,22.3,0,,,0,,,
2025-03-15,Shopping Metro Santa Cruz,20.0,27.6,22.2,0,,,0,,,
2025-03-16,Shopping Metro Santa Cruz,19.0,24.6,21.0,0,,,0,,,
2025-03-17,Shopping Metro Santa Cruz,18.3,26.1,21.3,0,,,0,,,
2025-03-18,Shopping Metro Santa Cruz,19.6,28.7,22.4,0,,,0,,,
2025-03-19,Shopping Metro Santa Cruz,18.6,23.6,20.5,0,,,0,,,
2025-03-20,Shopping Metro Santa Cruz,17.5,24.5,20.0,0,,,0,,,
2025-03-21,Shopping Metro Santa Cruz,16.2,26.6,20.1,0,,,0,,,
2025-03-22,Shopping Metro Santa Cruz,18.2,30.1,22.7,0,,,0,,,
2025-03-23,Shopping Metro Santa Cruz,19.2,26.8,22.2,0,,,0,,,
2025-03-24,Shopping Metro Santa Cruz,18.6,27.1,22.1,0,,,0,,,
2025-03-25,Shopping Metro Santa Cruz,18.6,28.1,22.3,0,,,0,,,
2025-03-26,Shopping Metro Santa Cruz,19.6,25.1,21.0,0,,,0,,,
2025-03-27,Shopping Metro Santa Cruz,18.0,26.9,21.7,0,,,0,,,
2025-03-28,Shopping Metro Santa Cruz,18.6,28.8,22.5,0,,,0,,,
2025-03-29,Shopping Metro Santa Cruz,18.8,29.0,22.8,0,,,0,,,
2025-03-30,Shopping Metro Santa Cruz,19.1,28.9,22.6,0,,,0,,,
2025-03-31,Shopping Metro Santa Cruz,18.8,27.6,22.2,0,,,0,,,
2025-04-01,Shopping Metro Santa Cruz,19.2,27.9,22.7,0,,,0,,,
2025-04-02,Shopping Metro Santa Cruz,20.0,29.7,23.6,0,,,0,,,
2025-04-03,Shopping Metro Santa Cruz,20.0,27.9,23.2,0,,,0,,,
2025-04-04,Shopping Metro Santa Cruz,19.1,26.8,22.0,0,,,0,,,
2025-04-05,Shopping Metro Santa Cruz,16.1,18.9,17.7,0,,,0,,,
2025-04-06,Shopping Metro Santa Cruz,15.4,21.4,17.9,0,,,0,,,
2025-04-07,Shopping Metro Santa Cruz,16.0,22.3,18.5,0,,,0,,,
2025-04-08,Shopping Metro Santa Cruz,14.7,28.1,20.4,0,,,0,,,
2025-04-09,Shopping Metro Santa Cruz,18.3,29.1,22.3,0,,,0,,,
2025-04-10,Shopping Metro Santa Cruz,17.9,25.2,20.4,0,,,0,,,
2025-04-11,Shopping Metro Santa Cruz,17.7,25.3,20.3,0,,,0,,,
2025-04-12,Shopping Metro Santa Cruz,17.6,26.2,20.8,0,,,0,,,
2025-04-13,Shopping Metro Santa Cruz,18.3,28.7,22.6,0,,,0,,,
2025-04-14,Shopping Metro Santa Cruz,17.7,22.8,20.1,0,,,0,,,
2025-04-15,Shopping Metro Santa Cruz,16.8,25.3,19.8,0,,,0,,,
2025-04-16,Shopping Metro Santa Cruz,17.8,25.3,20.6,0,,,0,,,
2025-04-17,Shopping Metro Santa Cruz,16.8,25.9,20.7,0,,,0,,,
2025-04-18,Shopping Metro Santa Cruz,18.3,27.1,21.0,1,Sexta-feira Santa,nacional,0,,,
2025-04-19,Shopping Metro Santa Cruz,17.9,25.8,20.9,0,,,0,,,
2025-04-20,Shopping Metro Santa Cruz,17.9,22.9,19.7,0,,,0,,,
2025-04-21,Shopping Metro Santa Cruz,16.3,21.8,18.5,1,Tiradentes,nacional,0,,,
2025-04-22,Shopping Metro Santa Cruz,15.1,22.7,17.9,0,,,0,,,
2025-04-23,Shopping Metro Santa Cruz,15.0,25.0,18.9,0,,,0,,,
2025-04-24,Shopping Metro Santa Cruz,16.8,26.2,20.0,0,,,0,,,
2025-04-25,Shopping Metro Santa Cruz,17.9,21.6,19.1,0,,,0,,,
2025-04-26,Shopping Metro Santa Cruz,16.6,24.9,19.9,0,,,0,,,
2025-04-27,Shopping Metro Santa Cruz,17.8,25.5,21.0,0,,,0,,,
2025-04-28,Shopping Metro Santa Cruz,18.4,24.0,20.3,0,,,0,,,
2025-04-29,Shopping Metro Santa Cruz,16.3,22.4,18.4,0,,,0,,,
2025-04-30,Shopping Metro Santa Cruz,15.0,22.0,17.2,0,,,0,,,
2025-05-01,Shopping Metro Santa Cruz,13.9,22.9,17.2,1,Dia do Trabalho,nacional,0,,,
2025-05-02,Shopping Metro Santa Cruz,14.6,23.8,18.1,0,,,0,,,
2025-05-03,Shopping Metro Santa Cruz,13.4,25.7,18.6,0,,,0,,,
2025-05-04,Shopping Metro Santa Cruz,15.3,24.9,18.9,0,,,0,,,
2025-05-05,Shopping Metro Santa Cruz,14.3,24.5,18.9,0,,,0,,,
2025-05-06,Shopping Metro Santa Cruz,14.4,25.6,19.6,0,,,0,,,
2025-05-07,Shopping Metro Santa Cruz,15.9,27.7,21.1,0,,,0,,,
2025-05-08,Shopping Metro Santa Cruz,17.1,29.2,23.2,0,,,0,,,
2025-05-09,Shopping Metro Santa Cruz,20.2,29.5,24.8,0,,,0,,,
2025-05-10,Shopping Metro Santa Cruz,17.3,27.2,21.9,0,,,0,,,
2025-05-11,Shopping Metro Santa Cruz,15.4,18.3,17.0,0,,,0,,,
2025-05-12,Shopping Metro Santa Cruz,14.4,21.6,17.2,0,,,0,,,
2025-05-13,Shopping Metro Santa Cruz,14.8,22.0,17.5,0,,,0,,,
2025-05-14,Shopping Metro Santa Cruz,13.5,22.3,17.0,0,,,0,,,
2025-05-15,Shopping Metro Santa Cruz,12.7,22.5,17.0,0,,,0,,,
2025-05-16,Shopping Metro Santa Cruz,13.4,24.5,18.3,0,,,0,,,
2025-05-17,Shopping Metro Santa Cruz,13.9,26.4,19.6,0,,,0,,,
2025-05-18,Shopping Metro Santa Cruz,15.0,27.0,21.3,0,,,0,,,
2025-05-19,Shopping Metro Santa Cruz,15.9,27.0,21.7,0,,,0,,,
2025-05-20,Shopping Metro Santa Cruz,16.2,27.0,21.9,0,,,0,,,
2025-05-21,Shopping Metro Santa Cruz,17.2,26.3,21.0,0,,,0,,,
2025-05-22,Shopping Metro Santa Cruz,17.8,25.8,19.9,0,,,0,,,
2025-05-23,Shopping Metro Santa Cruz,16.7,20.8,18.3,0,,,0,,,
2025-05-24,Shopping Metro Santa Cruz,15.6,22.0,18.1,0,,,0,,,
2025-05-25,Shopping Metro Santa Cruz,13.7,25.3,18.8,0,,,0,,,
2025-05-26,Shopping Metro Santa Cruz,14.2,26.2,20.2,0,,,0,,,
2025-05-27,Shopping Metro Santa Cruz,16.2,26.0,20.9,0,,,0,,,
2025-05-28,Shopping Metro Santa Cruz,19.5,25.4,21.5,0,,,0,,,
2025-05-29,Shopping Metro Santa Cruz,12.6,19.0,15.8,0,,,0,,,
2025-05-30,Shopping Metro Santa Cruz,9.5,19.8,13.9,0,,,0,,,
2025-05-31,Shopping Metro Santa Cruz,12.4,23.6,17.2,0,,,0,,,
2025-06-01,Shopping Metro Santa Cruz,12.4,23.4,16.8,0,,,0,,,
2025-06-02,Shopping Metro Santa Cruz,16.0,24.1,18.8,0,,,0,,,
2025-06-03,Shopping Metro Santa Cruz,15.1,22.7,18.2,0,,,0,,,
2025-06-04,Shopping Metro Santa Cruz,15.1,25.6,20.2,0,,,0,,,
2025-06-05,Shopping Metro Santa Cruz,17.4,26.1,20.2,0,,,0,,,
2025-06-06,Shopping Metro Santa Cruz,16.7,20.1,17.9,0,,,0,,,
2025-06-07,Shopping Metro Santa Cruz,15.6,20.7,17.9,0,,,0,,,
2025-06-08,Shopping Metro Santa Cruz,15.6,22.0,17.8,0,,,0,,,
2025-06-09,Shopping Metro Santa Cruz,14.6,19.3,15.9,0,,,0,,,
2025-06-10,Shopping Metro Santa Cruz,13.5,17.1,14.7,0,,,0,,,
2025-06-11,Shopping Metro Santa Cruz,10.7,15.8,13.1,0,,,0,,,
2025-06-12,Shopping Metro Santa Cruz,10.5,15.1,12.1,0,,,0,,,
2025-06-13,Shopping Metro Santa Cruz,9.1,18.0,12.9,0,,,0,,,
2025-06-14,Shopping Metro Santa Cruz,9.4,20.8,14.1,0,,,0,,,
2025-06-15,Shopping Metro Santa Cruz,12.4,19.6,15.5,0,,,0,,,
2025-06-16,Shopping Metro Santa Cruz,11.5,22.2,16.8,0,,,0,,,
2025-06-17,Shopping Metro Santa Cruz,12.2,23.9,17.6,0,,,0,,,
2025-06-18,Shopping Metro Santa Cruz,12.3,22.8,17.7,0,,,0,,,
2025-06-19,Shopping Metro Santa Cruz,13.4,24.7,18.9,1,Corpus Christi,nacional,0,,,
2025-06-20,Shopping Metro Santa Cruz,13.1,25.1,19.3,0,,,0,,,
2025-06-21,Shopping Metro Santa Cruz,16.0,22.7,18.8,0,,,0,,,
2025-06-22,Shopping Metro Santa Cruz,16.5,23.9,19.6,0,,,0,,,
2025-06-23,Shopping Metro Santa Cruz,17.2,24.3,19.5,0,,,0,,,
2025-06-24,Shopping Metro Santa Cruz,8.9,17.0,13.8,0,,,0,,,
2025-06-25,Shopping Metro Santa Cruz,6.0,16.8,11.4,0,,,0,,,
2025-06-26,Shopping Metro Santa Cruz,11.2,25.2,18.1,0,,,0,,,
2025-06-27,Shopping Metro Santa Cruz,15.7,23.8,18.2,0,,,0,,,
2025-06-28,Shopping Metro Santa Cruz,15.5,24.6,19.2,0,,,0,,,
2025-06-29,Shopping Metro Santa Cruz,18.0,25.6,21.4,0,,,0,,,
2025-06-30,Shopping Metro Santa Cruz,14.9,20.5,16.9,0,,,0,,,
2025-07-01,Shopping Metro Santa Cruz,11.7,14.9,13.8,0,,,0,,,
2025-07-02,Shopping Metro Santa Cruz,10.9,12.8,11.6,0,,,0,,,
2025-07-03,Shopping Metro Santa Cruz,10.9,14.4,12.2,0,,,0,,,
2025-07-04,Shopping Metro Santa Cruz,12.0,18.1,13.9,0,,,0,,,
2025-07-05,Shopping Metro Santa Cruz,11.3,19.9,14.7,0,,,0,,,
2025-07-06,Shopping Metro Santa Cruz,9.8,19.4,13.7,0,,,0,,,
2025-07-07,Shopping Metro Santa Cruz,11.3,19.5,14.4,0,,,0,,,
2025-07-08,Shopping Metro Santa Cruz,11.8,21.7,15.8,0,,,0,,,
2025-07-09,Shopping Metro Santa Cruz,9.6,19.3,13.9,1,Revolução Constitucionalista de 1932,regional,0,,,
2025-07-10,Shopping Metro Santa Cruz,12.1,21.2,15.4,0,,,0,,,
2025-07-11,Shopping Metro Santa Cruz,12.5,22.1,16.6,0,,,0,,,
2025-07-12,Shopping Metro Santa Cruz,13.8,22.7,17.8,0,,,0,,,
2025-07-13,Shopping Metro Santa Cruz,14.5,22.7,17.1,0,,,0,,,
2025-07-14,Shopping Metro Santa Cruz,11.8,21.8,15.9,0,,,0,,,
2025-07-15,Shopping Metro Santa Cruz,10.1,22.5,16.0,0,,,0,,,
2025-07-16,Shopping Metro Santa Cruz,10.9,22.7,16.6,0,,,0,,,
2025-07-17,Shopping Metro Santa Cruz,11.2,23.8,17.9,0,,,0,,,
2025-07-18,Shopping Metro Santa Cruz,13.6,23.5,18.0,0,,,0,,,
2025-07-19,Shopping Metro Santa Cruz,10.7,20.2,14.5,0,,,0,,,
2025-07-20,Shopping Metro Santa Cruz,10.2,21.9,14.7,0,,,0,,,
2025-07-21,Shopping Metro Santa Cruz,11.5,24.8,16.9,0,,,0,,,
2025-07-22,Shopping Metro Santa Cruz,13.5,24.9,18.5,0,,,0,,,
2025-07-23,Shopping Metro Santa Cruz,12.7,21.3,16.6,0,,,0,,,
2025-07-24,Shopping Metro Santa Cruz,13.0,21.9,16.2,0,,,0,,,
2025-07-25,Shopping Metro Santa Cruz,13.9,19.3,16.3,0,,,0,,,
2025-07-26,Shopping Metro Santa Cruz,12.3,23.7,17.7,0,,,0,,,
2025-07-27,Shopping Metro Santa Cruz,12.9,26.7,20.0,0,,,0,,,
2025-07-28,Shopping Metro Santa Cruz,17.1,22.9,20.3,0,,,0,,,
2025-07-29,Shopping Metro Santa Cruz,10.7,18.6,14.4,0,,,0,,,
2025-07-30,Shopping Metro Santa Cruz,8.6,16.2,11.8,0,,,0,,,
2025-07-31,Shopping Metro Santa Cruz,8.0,19.6,13.0,0,,,0,,,
2025-08-01,Shopping Metro Santa Cruz,9.4,23.5,15.9,0,,,0,,,
2025-08-02,Shopping Metro Santa Cruz,11.3,26.7,19.1,0,,,0,,,
2025-08-03,Shopping Metro Santa Cruz,13.6,25.8,19.7,0,,,0,,,
2025-08-04,Shopping Metro Santa Cruz,13.3,22.9,17.7,0,,,0,,,
2025-08-05,Shopping Metro Santa Cruz,13.6,20.5,16.2,0,,,0,,,
2025-08-06,Shopping Metro Santa Cruz,13.8,18.7,15.6,0,,,0,,,
2025-08-07,Shopping Metro Santa Cruz,12.8,25.0,17.6,0,,,0,,,
2025-08-08,Shopping Metro Santa Cruz,13.4,24.9,17.9,0,,,0,,,
2025-08-09,Shopping Metro Santa Cruz,10.6,18.2,14.2,0,,,0,,,
2025-08-10,Shopping Metro Santa Cruz,9.4,15.2,11.7,0,,,0,,,
2025-08-11,Shopping Metro Santa Cruz,7.9,17.4,11.8,0,,,0,,,
2025-08-12,Shopping Metro Santa Cruz,10.4,19.9,13.6,0,,,0,,,
2025-08-13,Shopping Metro Santa Cruz,9.5,24.9,16.7,0,,,0,,,
2025-08-14,Shopping Metro Santa Cruz,12.1,19.0,14.8,0,,,0,,,
2025-08-15,Shopping Metro Santa Cruz,11.3,20.4,15.1,0,,,0,,,
2025-08-16,Shopping Metro Santa Cruz,13.2,23.1,16.4,0,,,0,,,
2025-08-17,Shopping Metro Santa Cruz,14.0,25.4,18.0,0,,,0,,,
2025-08-18,Shopping Metro Santa Cruz,12.9,23.4,16.8,0,,,0,,,
2025-08-19,Shopping Metro Santa Cruz,12.8,27.3,19.0,0,,,0,,,
2025-08-20,Shopping Metro Santa Cruz,17.1,28.8,22.7,0,,,0,,,
2025-08-21,Shopping Metro Santa Cruz,18.9,29.9,23.1,0,,,0,,,
2025-08-22,Shopping Metro Santa Cruz,18.2,31.5,24.7,0,,,0,,,
2025-08-23,Shopping Metro Santa Cruz,20.2,31.6,25.9,0,,,0,,,
2025-08-24,Shopping Metro Santa Cruz,15.1,23.3,18.1,0,,,0,,,
2025-08-25,Shopping Metro Santa Cruz,14.4,27.1,17.9,0,,,0,,,
2025-08-26,Shopping Metro Santa Cruz,14.1,22.0,16.8,0,,,0,,,
2025-08-27,Shopping Metro Santa Cruz,14.5,22.3,17.4,0,,,0,,,
2025-08-28,Shopping Metro Santa Cruz,15.5,24.2,17.8,0,,,0,,,
2025-08-29,Shopping Metro Santa Cruz,14.4,21.7,16.9,0,,,0,,,
2025-08-30,Shopping Metro Santa Cruz,15.0,22.6,17.6,0,,,0,,,
2025-08-31,Shopping Metro Santa Cruz,13.7,24.3,17.6,0,,,0,,,
2025-09-01,Shopping Metro Santa Cruz,15.5,25.2,19.0,0,,,0,,,
2025-09-02,Shopping Metro Santa Cruz,16.0,26.2,20.4,0,,,0,,,
2025-09-03,Shopping Metro Santa Cruz,15.1,28.3,21.4,0,,,0,,,
2025-09-04,Shopping Metro Santa Cruz,15.9,28.4,22.4,0,,,0,,,
2025-09-05,Shopping Metro Santa Cruz,16.5,30.8,20.7,0,,,0,,,
2025-09-06,Shopping Metro Santa Cruz,15.2,18.5,16.4,0,,,0,,,
2025-09-07,Shopping Metro Santa Cruz,14.9,20.6,17.0,1,Independência do Brasil,nacional,0,,,
2025-09-08,Shopping Metro Santa Cruz,15.9,29.1,21.5,0,,,0,,,
2025-09-09,Shopping Metro Santa Cruz,19.6,26.5,22.9,0,,,0,,,
2025-09-10,Shopping Metro Santa Cruz,14.2,26.4,18.8,0,,,0,,,
2025-09-11,Shopping Metro Santa Cruz,12.1,30.3,19.5,0,,,0,,,
2025-09-12,Shopping Metro Santa Cruz,13.9,21.4,17.0,0,,,0,,,
2025-09-13,Shopping Metro Santa Cruz,12.7,23.1,16.4,0,,,0,,,
2025-09-14,Shopping Metro Santa Cruz,14.3,25.0,17.5,0,,,0,,,
2025-09-15,Shopping Metro Santa Cruz,14.6,27.8,18.8,0,,,0,,,
2025-09-16,Shopping Metro Santa Cruz,14.9,25.9,19.5,0,,,0,,,
2025-09-17,Shopping Metro Santa Cruz,15.8,24.0,18.6,0,,,0,,,
2025-09-18,Shopping Metro Santa Cruz,14.8,24.0,18.3,0,,,0,,,
2025-09-19,Shopping Metro Santa Cruz,15.3,31.7,21.8,0,,,0,,,
2025-09-20,Shopping Metro Santa Cruz,19.3,31.4,25.5,0,,,0,,,
2025-09-21,Shopping Metro Santa Cruz,20.5,33.6,26.9,0,,,0,,,
2025-09-22,Shopping Metro Santa Cruz,18.4,25.0,22.0,0,,,0,,,
2025-09-23,Shopping Metro Santa Cruz,13.8,19.1,16.1,0,,,0,,,
2025-09-24,Shopping Metro Santa Cruz,13.7,19.3,15.7,0,,,0,,,
2025-09-25,Shopping Metro Santa Cruz,13.2,16.6,14.6,0,,,0,,,
2025-09-26,Shopping Metro Santa Cruz,12.4,18.2,14.5,0,,,0,,,
2025-09-27,Shopping Metro Santa Cruz,10.6,23.5,15.9,0,,,0,,,
2025-09-28,Shopping Metro Santa Cruz,12.2,29.9,19.7,0,,,0,,,
2025-09-29,Shopping Metro Santa Cruz,16.7,29.7,22.2,0,,,0,,,
2025-09-30,Shopping Metro Santa Cruz,16.9,33.0,24.1,0,,,0,,,
2025-10-01,Shopping Metro Santa Cruz,16.3,27.7,20.9,0,,,0,,,
2025-10-02,Shopping Metro Santa Cruz,16.8,26.8,19.8,0,,,0,,,
2025-10-03,Shopping Metro Santa Cruz,17.6,28.5,21.3,0,,,0,,,
2025-10-04,Shopping Metro Santa Cruz,17.6,23.6,20.2,0,,,0,,,
2025-10-05,Shopping Metro Santa Cruz,17.9,30.9,24.8,0,,,0,,,
2025-10-06,Shopping Metro Santa Cruz,20.9,33.9,27.8,0,,,0,,,
2025-10-07,Shopping Metro Santa Cruz,15.6,22.4,18.8,0,,,0,,,
2025-10-08,Shopping Metro Santa Cruz,13.8,18.2,15.5,0,,,0,,,
2025-10-09,Shopping Metro Santa Cruz,12.9,21.3,16.3,0,,,0,,,
2025-10-10,Shopping Metro Santa Cruz,14.6,21.2,17.0,0,,,0,,,
2025-10-11,Shopping Metro Santa Cruz,14.6,24.8,18.6,0,,,0,,,
2025-10-12,Shopping Metro Santa Cruz,16.7,28.6,21.7,1,Nossa Senhora Aparecida,nacional,0,,,
2025-10-13,Shopping Metro Santa Cruz,18.4,25.1,21.0,0,,,0,,,
2025-10-14,Shopping Metro Santa Cruz,17.0,23.7,19.9,0,,,0,,,
2025-10-15,Shopping Metro Santa Cruz,15.2,22.1,18.1,0,,,0,,,
2025-10-16,Shopping Metro Santa Cruz,16.5,30.2,20.6,0,,,0,,,
2025-10-17,Shopping Metro Santa Cruz,17.1,33.3,24.1,0,,,0,,,
2025-10-18,Shopping Metro Santa Cruz,16.0,22.3,20.1,0,,,0,,,
2025-10-19,Shopping Metro Santa Cruz,11.7,16.0,14.0,0,,,0,,,
2025-10-20,Shopping Metro Santa Cruz,10.9,17.0,13.5,0,,,0,,,
2025-10-21,Shopping Metro Santa Cruz,10.1,20.2,14.4,0,,,0,,,
2025-10-22,Shopping Metro Santa Cruz,10.9,22.6,15.5,0,,,0,,,
2025-10-23,Shopping Metro Santa Cruz,11.7,24.4,16.9,0,,,0,,,
2025-10-24,Shopping Metro Santa Cruz,13.0,26.8,18.9,0,,,0,,,
2025-10-25,Shopping Metro Santa Cruz,15.1,29.4,22.8,0,,,0,,,
2025-10-26,Shopping Metro Santa Cruz,17.9,32.6,24.6,0,,,0,,,
2025-10-27,Shopping Metro Santa Cruz,18.6,22.7,20.4,0,,,0,,,
2025-10-28,Shopping Metro Santa Cruz,18.2,23.3,20.1,0,,,0,,,
2025-10-29,Shopping Metro Santa Cruz,16.7,26.1,20.8,0,,,0,,,
2025-10-30,Shopping Metro Santa Cruz,15.2,18.9,16.6,0,,,0,,,
2025-10-31,Shopping Metro Santa Cruz,14.8,21.5,17.2,0,,,0,,,
2025-11-01,Shopping Metro Santa Cruz,16.5,26.7,20.8,0,,,0,,,
2025-11-02,Shopping Metro Santa Cruz,17.7,21.4,19.2,1,Finados,nacional,0,,,
2025-11-03,Shopping Metro Santa Cruz,18.3,25.9,20.6,0,,,0,,,
2025-11-04,Shopping Metro Santa Cruz,17.8,27.8,21.1,0,,,0,,,
2025-11-05,Shopping Metro Santa Cruz,19.3,28.2,23.2,0,,,0,,,
2025-11-06,Shopping Metro Santa Cruz,15.8,20.3,17.9,0,,,0,,,
2025-11-07,Shopping Metro Santa Cruz,14.4,27.6,19.7,0,,,0,,,
2025-11-08,Shopping Metro Santa Cruz,16.2,25.7,21.5,0,,,0,,,
2025-11-09,Shopping Metro Santa Cruz,14.4,20.7,16.7,0,,,0,,,
2025-11-10,Shopping Metro Santa Cruz,12.8,21.9,16.4,0,,,0,,,
2025-11-11,Shopping Metro Santa Cruz,12.7,25.8,17.9,0,,,0,,,
2025-11-12,Shopping Metro Santa Cruz,14.6,31.0,21.6,0,,,0,,,
2025-11-13,Shopping Metro Santa Cruz,18.0,28.3,22.4,0,,,0,,,
2025-11-14,Shopping Metro Santa Cruz,17.7,22.9,19.2,0,,,0,,,
2025-11-15,Shopping Metro Santa Cruz,17.0,25.4,20.5,1,Proclamação da República,nacional,0,,,
2025-11-16,Shopping Metro Santa Cruz,18.8,24.8,21.5,0,,,0,,,
2025-11-17,Shopping Metro Santa Cruz,19.4,26.9,22.2,0,,,0,,,
2025-11-18,Shopping Metro Santa Cruz,18.2,25.3,21.0,0,,,0,,,
2025-11-19,Shopping Metro Santa Cruz,15.2,24.8,18.9,0,,,0,,,
2025-11-20,Shopping Metro Santa Cruz,14.9,22.8,17.8,1,Dia da Consciência Negra,nacional,0,,,
2025-11-21,Shopping Metro Santa Cruz,14.0,29.4,21.5,0,,,0,,,
2025-11-22,Shopping Metro Santa Cruz,18.6,29.2,23.1,0,,,0,,,
2025-11-23,Shopping Metro Santa Cruz,18.1,24.6,20.3,0,,,0,,,
2025-11-24,Shopping Metro Santa Cruz,17.0,23.4,19.1,0,,,0,,,
2025-11-25,Shopping Metro Santa Cruz,15.4,22.8,18.3,0,,,0,,,
2025-11-26,Shopping Metro Santa Cruz,14.6,22.2,17.9,0,,,0,,,
2025-11-27,Shopping Metro Santa Cruz,12.9,24.9,17.9,0,,,0,,,
2025-11-28,Shopping Metro Santa Cruz,16.6,29.8,22.1,0,,,0,,,
2025-11-29,Shopping Metro Santa Cruz,18.3,31.4,24.3,0,,,0,,,
2025-11-30,Shopping Metro Santa Cruz,18.9,33.4,24.6,0,,,0,,,
2025-12-01,Shopping Metro Santa Cruz,19.4,33.3,23.9,0,,,0,,,
2025-12-02,Shopping Metro Santa Cruz,21.1,27.7,23.4,0,,,0,,,
2025-12-03,Shopping Metro Santa Cruz,19.2,30.1,23.2,0,,,0,,,
2025-12-04,Shopping Metro Santa Cruz,17.7,24.4,20.1,0,,,0,,,
2025-12-05,Shopping Metro Santa Cruz,16.6,29.5,21.1,0,,,0,,,
2025-12-06,Shopping Metro Santa Cruz,17.8,32.1,23.5,0,,,0,,,
2025-12-07,Shopping Metro Santa Cruz,20.7,32.2,24.9,0,,,0,,,
2025-12-08,Shopping Metro Santa Cruz,19.6,27.5,23.4,0,,,0,,,
2025-12-09,Shopping Metro Santa Cruz,19.6,22.1,20.8,0,,,0,,,
2025-12-10,Shopping Metro Santa Cruz,19.4,26.9,23.0,0,,,0,,,
2025-12-11,Shopping Metro Santa Cruz,20.2,29.2,24.2,0,,,0,,,
2025-12-12,Shopping Metro Santa Cruz,18.9,30.4,23.8,0,,,0,,,
2025-12-13,Shopping Metro Santa Cruz,19.3,27.3,22.0,0,,,0,,,
2025-12-14,Shopping Metro Santa Cruz,19.9,26.4,22.5,0,,,0,,,
2025-12-15,Shopping Metro Santa Cruz,20.6,28.4,24.6,0,,,0,,,
2025-12-16,Shopping Metro Santa Cruz,19.6,29.5,23.5,0,,,0,,,
2025-12-17,Shopping Metro Santa Cruz,15.9,19.4,17.4,0,,,0,,,
2025-12-18,Shopping Metro Santa Cruz,15.3,23.2,18.7,0,,,0,,,
2025-12-19,Shopping Metro Santa Cruz,17.8,24.2,20.4,0,,,0,,,
2025-12-20,Shopping Metro Santa Cruz,18.2,26.8,21.7,0,,,0,,,
2025-12-21,Shopping Metro Santa Cruz,18.6,33.2,24.4,0,,,0,,,
2025-12-22,Shopping Metro Santa Cruz,21.6,33.0,27.1,0,,,0,,,
2025-12-23,Shopping Metro Santa Cruz,23.7,33.4,28.6,0,,,0,,,
2025-12-24,Shopping Metro Santa Cruz,23.8,33.5,29.0,0,,,0,,,
2025-12-25,Shopping Metro Santa Cruz,24.4,34.3,29.4,1,Natal,nacional,0,,,
2025-12-26,Shopping Metro Santa Cruz,24.0,32.9,28.4,0,,,0,,,
2025-12-27,Shopping Metro Santa Cruz,23.5,35.7,28.2,0,,,0,,,
2025-12-28,Shopping Metro Santa Cruz,23.0,34.9,28.2,0,,,0,,,
2025-12-29,Shopping Metro Santa Cruz,23.2,33.6,26.8,0,,,0,,,
2025-12-30,Shopping Metro Santa Cruz,21.4,31.7,25.4,0,,,0,,,
2025-12-31,Shopping Metro Santa Cruz,21.0,29.6,24.5,0,,,0,,,
2026-01-01,Shopping Metro Santa Cruz,21.5,29.2,24.7,1,Confraternização Universal,nacional,0,,,
2026-01-02,Shopping Metro Santa Cruz,20.8,27.1,23.2,0,,,0,,,
2026-01-03,Shopping Metro Santa Cruz,20.3,29.4,24.6,0,,,0,,,
2026-01-04,Shopping Metro Santa Cruz,18.1,23.5,20.8,0,,,0,,,
2026-01-05,Shopping Metro Santa Cruz,17.2,21.7,18.9,0,,,0,,,
2026-01-06,Shopping Metro Santa Cruz,16.4,27.3,21.2,0,,,0,,,
2026-01-07,Shopping Metro Santa Cruz,19.5,29.0,23.5,0,,,0,,,
2026-01-08,Shopping Metro Santa Cruz,19.6,30.2,23.7,0,,,0,,,
2026-01-09,Shopping Metro Santa Cruz,20.7,32.4,24.6,0,,,0,,,
2026-01-10,Shopping Metro Santa Cruz,21.2,33.4,26.8,0,,,0,,,
2026-01-11,Shopping Metro Santa Cruz,21.0,33.1,27.4,0,,,0,,,
2026-01-12,Shopping Metro Santa Cruz,21.5,34.7,27.2,0,,,0,,,
2026-01-13,Shopping Metro Santa Cruz,20.1,29.4,23.6,0,,,0,,,
2026-01-14,Shopping Metro Santa Cruz,19.7,28.8,22.4,0,,,0,,,
2026-01-15,Shopping Metro Santa Cruz,20.1,26.7,22.2,0,,,0,,,
2026-01-16,Shopping Metro Santa Cruz,19.7,28.3,22.4,0,,,0,,,
2026-01-17,Shopping Metro Santa Cruz,19.2,26.8,22.3,0,,,0,,,
2026-01-18,Shopping Metro Santa Cruz,20.0,25.9,22.7,0,,,0,,,
2026-01-19,Shopping Metro Santa Cruz,17.7,24.5,20.4,0,,,0,,,
2026-01-20,Shopping Metro Santa Cruz,15.8,20.5,18.1,0,,,0,,,
2026-01-21,Shopping Metro Santa Cruz,15.4,19.4,17.3,0,,,0,,,
2026-01-22,Shopping Metro Santa Cruz,15.9,21.2,17.9,0,,,0,,,
2026-01-23,Shopping Metro Santa Cruz,16.5,23.6,19.4,0,,,0,,,
2026-01-24,Shopping Metro Santa Cruz,17.9,24.1,20.4,0,,,0,,,
2026-01-25,Shopping Metro Santa Cruz,18.3,26.0,21.0,1,Aniversário da cidade de São Paulo,local,0,,,
2026-01-26,Shopping Metro Santa Cruz,16.8,25.7,21.1,0,,,0,,,
2026-01-27,Shopping Metro Santa Cruz,18.2,28.8,22.0,0,,,0,,,
2026-01-28,Shopping Metro Santa Cruz,18.6,27.6,22.5,0,,,0,,,
2026-01-29,Shopping Metro Santa Cruz,17.7,27.5,21.8,0,,,0,,,
2026-01-30,Shopping Metro Santa Cruz,18.5,25.6,20.9,0,,,0,,,
2026-01-31,Shopping Metro Santa Cruz,18.3,26.8,22.3,0,,,0,,,
2026-02-01,Shopping Metro Santa Cruz,20.1,27.0,22.6,0,,,0,,,
2026-02-02,Shopping Metro Santa Cruz,19.6,25.1,21.7,0,,,0,,,
2026-02-03,Shopping Metro Santa Cruz,19.6,25.7,22.2,0,,,0,,,
2026-02-04,Shopping Metro Santa Cruz,20.3,26.6,22.4,0,,,0,,,
2026-02-05,Shopping Metro Santa Cruz,19.7,25.3,21.9,0,,,0,,,
2026-02-06,Shopping Metro Santa Cruz,19.6,28.1,22.7,0,,,0,,,
2026-02-07,Shopping Metro Santa Cruz,20.1,26.8,22.6,0,,,0,,,
2026-02-08,Shopping Metro Santa Cruz,19.1,26.0,21.3,0,,,0,,,
2026-02-09,Shopping Metro Santa Cruz,19.2,23.5,20.3,0,,,0,,,
2026-02-10,Shopping Metro Santa Cruz,18.6,25.0,21.3,0,,,0,,,
2026-02-11,Shopping Metro Santa Cruz,20.1,26.2,22.7,0,,,0,,,
2026-02-12,Shopping Metro Santa Cruz,20.7,29.2,24.7,0,,,0,,,
2026-02-13,Shopping Metro Santa Cruz,21.0,31.0,26.0,0,,,0,,,
2026-02-14,Shopping Metro Santa Cruz,21.1,29.3,23.8,0,,,0,,,
2026-02-15,Shopping Metro Santa Cruz,19.7,31.2,24.3,0,,,0,,,
2026-02-16,Shopping Metro Santa Cruz,19.5,33.9,26.1,1,Carnaval (segunda-feira),nacional,0,,,
2026-02-17,Shopping Metro Santa Cruz,22.2,31.9,26.6,1,Carnaval (terça-feira),nacional,0,,,
2026-02-18,Shopping Metro Santa Cruz,21.2,28.2,24.4,0,,,0,,,
2026-02-19,Shopping Metro Santa Cruz,20.7,27.7,23.1,0,,,0,,,
2026-02-20,Shopping Metro Santa Cruz,19.6,31.9,24.2,0,,,0,,,
2026-02-21,Shopping Metro Santa Cruz,20.6,29.2,23.7,0,,,0,,,
2026-02-22,Shopping Metro Santa Cruz,19.9,25.2,21.9,0,,,0,,,
2026-02-23,Shopping Metro Santa Cruz,19.8,24.0,21.6,0,,,0,,,
2026-02-24,Shopping Metro Santa Cruz,19.8,26.9,22.5,0,,,0,,,
2026-02-25,Shopping Metro Santa Cruz,20.1,27.9,23.0,0,,,0,,,
2026-02-26,Shopping Metro Santa Cruz,20.1,24.0,21.4,0,,,0,,,
2026-02-27,Shopping Metro Santa Cruz,18.3,22.7,20.1,0,,,0,,,
2026-02-28,Shopping Metro Santa Cruz,16.9,23.0,19.4,0,,,0,,,
2026-03-01,Shopping Metro Santa Cruz,16.3,22.3,18.9,0,,,0,,,
2026-03-02,Shopping Metro Santa Cruz,15.4,24.0,19.0,0,,,0,,,
2026-03-03,Shopping Metro Santa Cruz,16.4,26.3,20.0,0,,,0,,,
2026-03-04,Shopping Metro Santa Cruz,16.9,28.4,21.0,0,,,0,,,
2026-03-05,Shopping Metro Santa Cruz,18.2,30.0,22.4,0,,,0,,,
2026-03-06,Shopping Metro Santa Cruz,20.5,29.5,23.4,0,,,0,,,
2026-03-07,Shopping Metro Santa Cruz,20.0,27.3,22.5,0,,,0,,,
2026-03-08,Shopping Metro Santa Cruz,19.2,27.1,21.9,0,,,0,,,
2026-03-09,Shopping Metro Santa Cruz,18.7,22.5,20.2,0,,,0,,,
2026-03-10,Shopping Metro Santa Cruz,18.4,21.1,19.6,0,,,0,,,
2026-03-11,Shopping Metro Santa Cruz,18.9,22.4,20.0,0,,,0,,,
2026-03-12,Shopping Metro Santa Cruz,18.7,22.0,20.1,0,,,0,,,
2026-03-13,Shopping Metro Santa Cruz,17.8,24.8,20.5,0,,,0,,,
2026-03-14,Shopping Metro Santa Cruz,16.4,27.2,21.1,0,,,0,,,
2026-03-15,Shopping Metro Santa Cruz,18.6,27.9,23.4,0,,,0,,,
2026-03-16,Shopping Metro Santa Cruz,18.2,31.0,24.0,0,,,0,,,
2026-03-17,Shopping Metro Santa Cruz,18.2,31.3,23.6,0,,,0,,,
2026-03-18,Shopping Metro Santa Cruz,19.8,29.5,23.7,0,,,0,,,
2026-03-19,Shopping Metro Santa Cruz,20.1,26.1,22.6,0,,,0,,,
2026-03-20,Shopping Metro Santa Cruz,18.7,25.8,21.5,0,,,0,,,
2026-03-21,Shopping Metro Santa Cruz,18.9,29.1,22.5,0,,,0,,,
2026-03-22,Shopping Metro Santa Cruz,17.6,29.6,23.1,0,,,0,,,
2026-03-23,Shopping Metro Santa Cruz,19.5,29.1,23.1,0,,,0,,,
2026-03-24,Shopping Metro Santa Cruz,17.8,31.4,23.2,0,,,0,,,
2026-03-25,Shopping Metro Santa Cruz,20.6,28.9,24.0,0,,,0,,,
2026-03-26,Shopping Metro Santa Cruz,20.8,29.6,24.2,0,,,0,,,
2026-03-27,Shopping Metro Santa Cruz,20.0,30.1,23.7,0,,,0,,,
2026-03-28,Shopping Metro Santa Cruz,18.8,30.3,23.1,0,,,0,,,
2026-03-29,Shopping Metro Santa Cruz,18.9,31.2,23.3,0,,,0,,,
2026-03-30,Shopping Metro Santa Cruz,18.5,28.8,22.0,0,,,0,,,
2026-03-31,Shopping Metro Santa Cruz,18.2,24.2,20.4,0,,,0,,,
2026-04-01,Shopping Metro Santa Cruz,17.3,25.2,20.4,0,,,0,,,
2026-04-02,Shopping Metro Santa Cruz,18.7,27.3,22.0,0,,,0,,,
2026-04-03,Shopping Metro Santa Cruz,18.8,28.0,22.7,1,Sexta-feira Santa,nacional,0,,,
2026-04-04,Shopping Metro Santa Cruz,19.2,27.9,22.7,0,,,0,,,
2026-04-05,Shopping Metro Santa Cruz,18.0,26.7,21.8,0,,,0,,,
2026-04-06,Shopping Metro Santa Cruz,19.0,27.4,22.3,0,,,0,,,
2026-04-07,Shopping Metro Santa Cruz,19.8,27.8,22.7,0,,,0,,,
2026-04-08,Shopping Metro Santa Cruz,19.9,25.1,22.5,0,,,0,,,
2026-04-09,Shopping Metro Santa Cruz,18.9,25.5,21.0,0,,,0,,,
2026-04-10,Shopping Metro Santa Cruz,17.0,21.7,18.7,0,,,0,,,
2026-04-11,Shopping Metro Santa Cruz,15.7,24.4,19.0,0,,,0,,,
2026-04-12,Shopping Metro Santa Cruz,15.0,26.4,19.6,0,,,0,,,
2026-04-13,Shopping Metro Santa Cruz,17.2,28.1,21.0,0,,,0,,,
2026-04-14,Shopping Metro Santa Cruz,16.9,27.1,20.6,0,,,0,,,
2026-04-15,Shopping Metro Santa Cruz,15.8,27.5,20.5,0,,,0,,,
2026-04-16,Shopping Metro Santa Cruz,16.0,28.3,21.3,0,,,0,,,
2026-04-17,Shopping Metro Santa Cruz,16.8,29.6,23.9,0,,,0,,,
2026-04-18,Shopping Metro Santa Cruz,20.5,28.3,23.8,0,,,0,,,
2026-04-19,Shopping Metro Santa Cruz,18.2,28.3,22.1,0,,,0,,,
2026-04-20,Shopping Metro Santa Cruz,16.6,26.5,20.4,0,,,0,,,
2026-04-21,Shopping Metro Santa Cruz,15.1,26.6,19.6,1,Tiradentes,nacional,0,,,
2026-04-22,Shopping Metro Santa Cruz,16.5,27.4,20.6,0,,,0,,,
2026-04-23,Shopping Metro Santa Cruz,17.3,27.1,20.6,0,,,0,,,
2026-04-24,Shopping Metro Santa Cruz,17.3,29.3,22.2,0,,,0,,,
2026-04-25,Shopping Metro Santa Cruz,19.5,29.0,24.4,0,,,0,,,
2026-04-26,Shopping Metro Santa Cruz,19.7,30.2,25.4,0,,,0,,,
2026-04-27,Shopping Metro Santa Cruz,20.6,27.5,23.2,0,,,0,,,
2026-04-28,Shopping Metro Santa Cruz,19.3,26.9,21.6,0,,,0,,,
2026-04-29,Shopping Metro Santa Cruz,17.5,28.9,21.5,0,,,0,,,
2026-04-30,Shopping Metro Santa Cruz,17.3,27.3,20.4,0,,,0,,,
2026-05-01,Shopping Metro Santa Cruz,18.7,27.2,22.1,1,Dia do Trabalho,nacional,0,,,
2026-05-02,Shopping Metro Santa Cruz,19.6,28.2,22.9,0,,,0,,,
2026-05-03,Shopping Metro Santa Cruz,15.9,20.3,17.7,0,,,0,,,
2026-05-04,Shopping Metro Santa Cruz,14.7,25.7,19.3,0,,,0,,,
2026-05-05,Shopping Metro Santa Cruz,16.7,28.2,22.6,0,,,0,,,
2026-05-06,Shopping Metro Santa Cruz,18.1,29.5,23.5,0,,,0,,,
2026-05-07,Shopping Metro Santa Cruz,18.9,29.4,23.9,0,,,0,,,
2026-05-08,Shopping Metro Santa Cruz,21.3,28.9,24.6,0,,,0,,,
2026-05-09,Shopping Metro Santa Cruz,19.6,28.1,23.9,0,,,0,,,
2026-05-10,Shopping Metro Santa Cruz,12.7,18.4,15.3,0,,,0,,,
2026-05-11,Shopping Metro Santa Cruz,9.5,17.9,13.5,0,,,0,,,
2026-05-12,Shopping Metro Santa Cruz,9.1,20.3,14.1,0,,,0,,,
2026-05-13,Shopping Metro Santa Cruz,9.7,23.6,15.9,0,,,0,,,
2026-05-14,Shopping Metro Santa Cruz,13.3,25.1,18.2,0,,,0,,,
2026-05-15,Shopping Metro Santa Cruz,15.9,19.1,17.4,0,,,0,,,
2026-05-16,Shopping Metro Santa Cruz,14.3,25.2,18.5,0,,,0,,,
2026-05-17,Shopping Metro Santa Cruz,17.1,22.7,18.8,0,,,0,,,
2026-05-18,Shopping Metro Santa Cruz,16.0,20.2,17.7,0,,,0,,,
2026-05-19,Shopping Metro Santa Cruz,15.6,19.0,16.8,0,,,0,,,
2026-05-20,Shopping Metro Santa Cruz,15.1,20.7,17.3,0,,,0,,,
2026-05-21,Shopping Metro Santa Cruz,13.9,17.1,15.3,0,,,0,,,
2026-05-22,Shopping Metro Santa Cruz,13.6,16.1,14.5,0,,,0,,,
2026-05-23,Shopping Metro Santa Cruz,14.4,20.5,16.5,0,,,0,,,
2026-05-24,Shopping Metro Santa Cruz,15.6,23.5,18.3,0,,,0,,,
2026-05-25,Shopping Metro Santa Cruz,15.2,23.0,17.8,0,,,0,,,
2026-05-26,Shopping Metro Santa Cruz,16.3,25.9,20.1,0,,,0,,,
2026-05-27,Shopping Metro Santa Cruz,14.7,22.7,18.1,0,,,0,,,
2026-05-28,Shopping Metro Santa Cruz,11.5,20.1,15.2,0,,,0,,,
2026-05-29,Shopping Metro Santa Cruz,13.7,20.4,16.0,0,,,0,,,
2026-05-30,Shopping Metro Santa Cruz,15.0,21.8,17.4,0,,,0,,,
2026-05-31,Shopping Metro Santa Cruz,14.5,20.7,16.8,0,,,0,,,
2026-06-01,Shopping Metro Santa Cruz,13.2,20.2,15.4,0,,,0,,,
2026-06-02,Shopping Metro Santa Cruz,11.7,20.0,15.3,0,,,0,,,
2026-06-03,Shopping Metro Santa Cruz,14.5,21.9,16.9,0,,,0,,,
2026-06-04,Shopping Metro Santa Cruz,14.5,22.6,16.9,1,Corpus Christi,nacional,0,,,
2026-06-05,Shopping Metro Santa Cruz,12.0,21.2,15.8,0,,,0,,,
2026-06-06,Shopping Metro Santa Cruz,11.7,22.3,16.3,0,,,0,,,
2026-06-07,Shopping Metro Santa Cruz,10.5,22.2,16.3,0,,,0,,,
2026-06-08,Shopping Metro Santa Cruz,10.0,23.9,16.8,0,,,0,,,
2026-06-09,Shopping Metro Santa Cruz,11.9,23.3,17.6,0,,,0,,,
2026-06-10,Shopping Metro Santa Cruz,13.2,24.1,17.6,0,,,0,,,
2026-06-11,Shopping Metro Santa Cruz,15.2,18.9,16.9,0,,,0,,,
2026-06-12,Shopping Metro Santa Cruz,14.8,20.2,17.4,0,,,0,,,
2026-06-13,Shopping Metro Santa Cruz,15.9,21.9,18.2,0,,,0,,,
2026-06-14,Shopping Metro Santa Cruz,15.9,21.8,18.5,0,,,0,,,
2026-06-15,Shopping Metro Santa Cruz,14.5,16.8,15.8,0,,,0,,,
2026-06-16,Shopping Metro Santa Cruz,14.2,17.5,15.2,0,,,0,,,
2026-06-17,Shopping Metro Santa Cruz,11.2,18.8,14.3,0,,,0,,,
2026-06-18,Shopping Metro Santa Cruz,10.4,18.1,13.3,0,,,0,,,
2026-06-19,Shopping Metro Santa Cruz,9.8,23.4,15.8,0,,,0,,,
2026-06-20,Shopping Metro Santa Cruz,14.2,22.7,17.9,0,,,0,,,
2026-06-21,Shopping Metro Santa Cruz,11.7,19.8,15.6,0,,,0,,,
2026-06-22,Shopping Metro Santa Cruz,10.7,25.4,17.8,0,,,0,,,
2026-06-23,Shopping Metro Santa Cruz,13.3,20.7,17.4,0,,,0,,,
2026-06-24,Shopping Metro Santa Cruz,11.9,15.0,13.0,0,,,0,,,
2026-06-25,Shopping Metro Santa Cruz,11.2,12.8,11.8,0,,,0,,,
2026-06-26,Shopping Metro Santa Cruz,11.1,19.1,15.2,0,,,0,,,
2026-06-27,Shopping Metro Santa Cruz,14.4,23.7,18.1,0,,,0,,,
2026-06-28,Shopping Metro Santa Cruz,14.7,25.3,19.2,0,,,0,,,
2026-06-29,Shopping Metro Santa Cruz,16.6,25.3,19.8,0,,,0,,,
2026-06-30,Shopping Metro Santa Cruz,15.9,25.8,20.2,0,,,0,,,
2026-07-01,Shopping Metro Santa Cruz,16.6,26.3,21.0,0,,,0,,,
2026-07-02,Shopping Metro Santa Cruz,15.5,25.6,20.1,0,,,0,,,
2026-07-03,Shopping Metro Santa Cruz,14.1,24.9,17.9,0,,,0,,,
2026-07-04,Shopping Metro Santa Cruz,12.8,18.0,15.0,0,,,0,,,
2026-07-05,Shopping Metro Santa Cruz,12.6,19.7,14.6,0,,,0,,,
2026-07-06,Shopping Metro Santa Cruz,12.6,23.3,16.9,0,,,0,,,
2026-07-07,Shopping Metro Santa Cruz,13.5,18.8,15.8,0,,,0,,,
2026-07-08,Shopping Metro Santa Cruz,13.0,21.2,15.8,0,,,0,,,
2026-07-09,Shopping Metro Santa Cruz,11.7,22.3,16.4,1,Revolução Constitucionalista de 1932,regional,0,,,
2026-07-10,Shopping Metro Santa Cruz,11.8,25.4,18.0,0,,,0,,,
2026-07-11,Shopping Metro Santa Cruz,12.3,27.3,19.8,0,,,0,,,
2026-07-12,Shopping Metro Santa Cruz,13.3,21.7,17.0,0,,,0,,,
2026-07-13,Shopping Metro Santa Cruz,9.9,17.1,13.3,0,,,0,,,
2026-07-14,Shopping Metro Santa Cruz,9.4,17.9,13.0,0,,,0,,,
2026-07-15,Shopping Metro Santa Cruz,10.0,21.5,14.8,0,,,0,,,
2026-07-16,Shopping Metro Santa Cruz,9.1,24.9,16.8,0,,,0,,,
2026-07-17,Shopping Metro Santa Cruz,12.4,24.8,17.9,0,,,0,,,
2026-07-18,Shopping Metro Santa Cruz,13.6,24.3,18.5,0,,,0,,,
2026-07-19,Shopping Metro Santa Cruz,14.7,25.8,19.9,0,,,0,,,
2026-07-20,Shopping Metro Santa Cruz,16.5,27.0,21.3,0,,,0,,,
2026-07-21,Shopping Metro Santa Cruz,16.0,27.8,21.7,0,,,0,,,
2026-07-22,Shopping Metro Santa Cruz,17.3,27.3,20.8,0,,,0,,,
2026-07-23,Shopping Metro Santa Cruz,15.2,22.7,18.3,0,,,0,,,
2026-07-24,Shopping Metro Santa Cruz,13.5,17.6,15.4,0,,,0,,,
2026-07-25,Shopping Metro Santa Cruz,14.2,19.2,16.3,0,,,0,,,
2026-07-26,Shopping Metro Santa Cruz,12.3,23.0,17.0,0,,,0,,,
2026-07-27,Shopping Metro Santa Cruz,12.1,26.6,19.3,0,,,0,,,
2026-07-28,Shopping Metro Santa Cruz,14.4,27.7,21.1,0,,,0,,,
2026-07-29,Shopping Metro Santa Cruz,16.8,29.7,20.7,0,,,0,,,
2026-07-30,Shopping Metro Santa Cruz,13.6,20.4,16.5,0,,,0,,,
2026-07-31,Shopping Metro Santa Cruz,13.4,24.6,17.6,0,,,0,,,
2026-08-01,Shopping Metro Santa Cruz,13.6,26.7,19.5,0,,,0,,,
2026-08-02,Shopping Metro Santa Cruz,15.7,27.6,21.3,0,,,0,,,
2026-08-03,Shopping Metro Santa Cruz,15.1,26.4,20.4,0,,,0,,,
2026-08-04,Shopping Metro Santa Cruz,15.3,26.3,21.2,0,,,0,,,
2026-08-05,Shopping Metro Santa Cruz,16.5,28.6,22.5,0,,,0,,,
2026-08-06,Shopping Metro Santa Cruz,17.3,28.4,21.9,0,,,0,,,
2026-08-07,Shopping Metro Santa Cruz,17.9,24.6,20.5,0,,,0,,,
2026-08-08,Shopping Metro Santa Cruz,16.6,27.1,21.7,0,,,0,,,
2026-08-09,Shopping Metro Santa Cruz,15.1,24.2,19.6,0,,,0,,,
2026-08-10,Shopping Metro Santa Cruz,13.4,18.1,15.1,0,,,0,,,
2026-08-11,Shopping Metro Santa Cruz,12.8,17.1,14.3,0,,,0,,,
2026-08-12,Shopping Metro Santa Cruz,14.0,23.2,17.8,0,,,0,,,
2026-08-13,Shopping Metro Santa Cruz,16.6,28.1,21.5,0,,,0,,,
